ID,Title,DueDate,Completed
1,Activity 1,2021-09-01T02:19:36.0573325+00:00,false
2,Activity 2,2021-09-01T03:19:36.0573325+00:00,true
3,Activity 3,2021-09-01T04:19:36.0573325+00:00,false
4,Activity 4,2021-09-01T05:19:36.0573325+00:00,true
5,Activity 5,2021-09-01T06:19:36.0573325+00:00,false
6,Activity 6,2021-09-01T07:19:36.0573325+00:00,true
7,Activity 7,2021-09-01T08:19:36.0573325+00:00,false
8,Activity 8,2021-09-01T09:19:36.0573325+00:00,true
9,Activity 9,2021-09-01T10:19:36.0573325+00:00,false
10,Activity 10,2021-09-01T11:19:36.0573325+00:00,true
11,Activity 11,2021-09-01T12:19:36.0573325+00:00,false
12,Activity 12,2021-09-01T13:19:36.0573325+00:00,true
13,Activity 13,2021-09-01T14:19:36.0573325+00:00,false
14,Activity 14,2021-09-01T15:19:36.0573325+00:00,true
15,Activity 15,2021-09-01T16:19:36.0573325+00:00,false
16,Activity 16,2021-09-01T17:19:36.0573325+00:00,true
17,Activity 17,2021-09-01T18:19:36.0573325+00:00,false
18,Activity 18,2021-09-01T19:19:36.0573325+00:00,true
19,Activity 19,2021-09-01T20:19:36.0573325+00:00,false
20,Activity 20,2021-09-01T21:19:36.0573325+00:00,true
21,Activity 21,2021-09-01T22:19:36.0573325+00:00,false
22,Activity 22,2021-09-01T23:19:36.0573325+00:00,true
23,Activity 23,2021-09-02T00:19:36.0573325+00:00,false
24,Activity 24,2021-09-02T01:19:36.0573325+00:00,true
25,Activity 25,2021-09-02T02:19:36.0573325+00:00,false
26,Activity 26,2021-09-02T03:19:36.0573325+00:00,true
27,Activity 27,2021-09-02T04:19:36.0573325+00:00,false
28,Activity 28,2021-09-02T05:19:36.0573325+00:00,true
29,Activity 29,2021-09-02T06:19:36.0573325+00:00,false
30,Activity 30,2021-09-02T07:19:36.0573325+00:00,true}
